INSERT INTO instrument (id,brand,type,rented_price_per_month)
VALUES
  (1,'Amazon','Tuba',5),
  (2,'Amazon','Saxophone',11),
  (3,'Amazon','Saxophone',10),
  (4,'Yahoo','Violin',10),
  (5,'Lavasoft','Violin',5),
  (6,'Chami','Guitar',10),
  (7,'Sibelius','Bongo',11),
  (8,'Apple','Flute',13),
  (9,'Lavasoft','Piano',8),
  (10,'Amazon','Saxophone',12);
INSERT INTO instrument (id,brand,type,rented_price_per_month)
VALUES
  (11,'Adobe','Flute',10),
  (12,'Microsoft','Saxophone',4),
  (13,'Cakewalk','Bongo',11),
  (14,'Chami','Trumpet',14),
  (15,'Cakewalk','Violin',8),
  (16,'Borland','Tuba',15),
  (17,'Sibelius','Bongo',9),
  (18,'Amazon','Piano',7),
  (19,'Lavasoft','Trumpet',10),
  (20,'Borland','Guitar',8);
INSERT INTO instrument (id,brand,type,rented_price_per_month)
VALUES
  (21,'Sibelius','Flute',4),
  (22,'Apple','Bongo',7),
  (23,'Amazon','Bongo',6),
  (24,'Google','Piano',4),
  (25,'Chami','Tuba',8),
  (26,'Lavasoft','Tuba',4),
  (27,'Sibelius','Violin',12),
  (28,'Sibelius','Tuba',4),
  (29,'Finale','Guitar',12),
  (30,'Finale','Piano',10);
INSERT INTO instrument (id,brand,type,rented_price_per_month)
VALUES
  (31,'Microsoft','Guitar',6),
  (32,'Borland','Violin',9),
  (33,'Apple','Piano',8),
  (34,'Chami','Bongo',7),
  (35,'Sibelius','Tuba',4),
  (36,'Finale','Saxophone',8),
  (37,'Chami','Piano',13),
  (38,'Borland','Saxophone',10),
  (39,'Apple','Bongo',9),
  (40,'Cakewalk','Trumpet',5);
INSERT INTO instrument (id,brand,type,rented_price_per_month)
VALUES
  (41,'Borland','Bongo',11),
  (42,'Adobe','Violin',5),
  (43,'Microsoft','Flute',12),
  (44,'Chami','Accordion',10),
  (45,'Chami','Tuba',6),
  (46,'Lavasoft','Guitar',6),
  (47,'Cakewalk','Bongo',9),
  (48,'Borland','Accordion',12),
  (49,'Cakewalk','Piano',3),
  (50,'Sibelius','Drum',10);
INSERT INTO instrument (id,brand,type,rented_price_per_month)
VALUES
  (51,'Sibelius','Accordion',14),
  (52,'Microsoft','Tuba',7),
  (53,'Microsoft','Guitar',10),
  (54,'Borland','Accordion',13),
  (55,'Adobe','Tuba',13),
  (56,'Google','Tuba',10),
  (57,'Apple','Tuba',4),
  (58,'Chami','Trumpet',13),
  (59,'Apple','Guitar',3),
  (60,'Chami','Trumpet',6);
INSERT INTO instrument (id,brand,type,rented_price_per_month)
VALUES
  (61,'Microsoft','Tuba',12),
  (62,'Finale','Violin',11),
  (63,'Cakewalk','Drum',9),
  (64,'Amazon','Accordion',6),
  (65,'Sibelius','Tuba',5),
  (66,'Borland','Tuba',10),
  (67,'Microsoft','Tuba',7),
  (68,'Cakewalk','Trumpet',14),
  (69,'Apple','Tuba',11),
  (70,'Google','Saxophone',6);
INSERT INTO instrument (id,brand,type,rented_price_per_month)
VALUES
  (71,'Microsoft','Bongo',4),
  (72,'Finale','Tuba',5),
  (73,'Apple','Saxophone',10),
  (74,'Finale','Trumpet',15),
  (75,'Amazon','Guitar',10),
  (76,'Sibelius','Accordion',10),
  (77,'Sibelius','Flute',6),
  (78,'Chami','Piano',14),
  (79,'Amazon','Guitar',11),
  (80,'Amazon','Trumpet',8);
INSERT INTO instrument (id,brand,type,rented_price_per_month)
VALUES
  (81,'Amazon','Saxophone',11),
  (82,'Chami','Accordion',4),
  (83,'Yahoo','Saxophone',9),
  (84,'Sibelius','Bongo',4),
  (85,'Amazon','Guitar',6),
  (86,'Amazon','Flute',13),
  (87,'Borland','Bongo',15),
  (88,'Microsoft','Trumpet',14),
  (89,'Sibelius','Accordion',7),
  (90,'Cakewalk','Flute',9);
INSERT INTO instrument (id,brand,type,rented_price_per_month)
VALUES
  (91,'Cakewalk','Piano',7),
  (92,'Apple','Tuba',15),
  (93,'Sibelius','Flute',14),
  (94,'Microsoft','Piano',13),
  (95,'Apple','Saxophone',5),
  (96,'Amazon','Flute',4),
  (97,'Lavasoft','Violin',3),
  (98,'Chami','Accordion',4),
  (99,'Adobe','Flute',6),
  (100,'Finale','Accordion',6);


INSERT INTO person (id,person_number,name,email,city,zip,street)
VALUES
  (1,'101680168793','Cassady Fields','diam.eu@icloud.net','Beijing','57839','Ap #485-9043 A Avenue'),
  (2,'566784754637','Bernard Mccullough','nec.ante@aol.ca','North Shore','28927','934-4704 Cras Rd.'),
  (3,'908116184722','Abel Kent','auctor.non@yahoo.ca','Sichuan','83712','503-2740 Nisi St.'),
  (4,'149144520271','Fritz Mcintyre','neque.in.ornare@google.edu','Quảng Ngãi','60630','Ap #523-6410 Tincidunt, Road'),
  (5,'247436254098','Davis Owen','dui@protonmail.org','Pacoa','74304','P.O. Box 590, 8321 Interdum. Ave'),
  (6,'389487728588','Mia Lang','facilisis.lorem@yahoo.edu','Namsos','79213','Ap #456-6334 Purus. Avenue'),
  (7,'861182514752','Aiko Meyer','id.enim.curabitur@yahoo.ca','Seletar','48639','988-9790 Risus Avenue'),
  (8,'414585673258','Deanna Mcneil','phasellus.vitae@google.ca','Jiutepec','86218','Ap #127-4140 Dictum St.'),
  (9,'346949818293','Holmes Aguilar','integer@aol.net','Romeral','47978','812-6351 Vestibulum Rd.'),
  (10,'762632987377','Gavin Hicks','sapien.cursus.in@aol.com','Central Water Catchment','42242','9475 Nunc Street');
INSERT INTO person (id,person_number,name,email,city,zip,street)
VALUES
  (11,'055678153299','Elmo Medina','vel@hotmail.couk','Kraków','38570','Ap #603-7774 Ante Av.'),
  (12,'122231950153','Mara Davenport','magna.suspendisse@aol.couk','Manokwari','01812','P.O. Box 897, 6633 In, St.'),
  (13,'063916666050','Kalia Roberts','a@aol.edu','Muntinlupa','41227','389-3663 Lorem Rd.'),
  (14,'864904266839','Amy Ford','mus.proin@yahoo.couk','Lauro de Freitas','62328','Ap #821-6362 Eget, Ave'),
  (15,'323581432633','Justina Hyde','arcu.vestibulum@aol.org','Pinkafeld','88114','603 Class St.'),
  (16,'545743213845','Maya Mcdonald','fringilla.mi.lacinia@yahoo.org','Vitrolles','43120','798-4993 Iaculis, St.'),
  (17,'715616852443','Serina Avery','nascetur.ridiculus@aol.ca','Tehuacán','41754','8450 Eget Rd.'),
  (18,'273215718986','Miranda Love','parturient.montes.nascetur@google.com','Zapopan','24073','Ap #966-7761 Tellus, Avenue'),
  (19,'515349527488','Cameran Strickland','aliquet.diam@hotmail.net','Wandsworth','29165','Ap #639-8949 Lectus, Road'),
  (20,'652531217026','Ferdinand Heath','eu.neque@google.ca','Stornaway','55582','512-1143 Nec, Av.');
INSERT INTO person (id,person_number,name,email,city,zip,street)
VALUES
  (21,'636683412633','Regina Welch','ultrices.iaculis@outlook.ca','Borås','13223','P.O. Box 730, 1704 Libero Ave'),
  (22,'762210428134','Burton Blackburn','nec.ante@outlook.net','Juárez','49155','327-4246 Vel Av.'),
  (23,'554779887629','Yasir Hyde','lorem.ipsum@icloud.com','Arras','71367','Ap #696-8330 Scelerisque Ave'),
  (24,'447638565987','Rowan Atkinson','risus.nulla.eget@google.net','Malonne','56205','P.O. Box 272, 7261 Neque. St.'),
  (25,'499497234382','Edward Irwin','eget.volutpat.ornare@aol.com','Çermik','15722','Ap #360-4850 Mauris. Ave'),
  (26,'768889114054','Graham Henson','commodo.hendrerit@hotmail.couk','Pamplona','70126','464-4119 Habitant Rd.'),
  (27,'359026813370','Amethyst Phillips','non.dapibus@hotmail.org','Pirmasens','56480','585-5884 Hendrerit. Av.'),
  (28,'854052853107','Jillian Patterson','quis.diam.pellentesque@outlook.ca','North-Eastern Islands','56935','816-7537 Diam Avenue'),
  (29,'822551143278','Hu Cross','pede.suspendisse@google.edu','Perinaldo','62468','Ap #524-6862 Arcu Road'),
  (30,'411446828699','Ulysses Mcintosh','et.nunc.quisque@hotmail.couk','Karachi','57716','P.O. Box 140, 8049 Vulputate, Rd.');
INSERT INTO person (id,person_number,name,email,city,zip,street)
VALUES
  (31,'532253553411','Lewis Hamilton','risus.duis@outlook.ca','Atlanta','68833','P.O. Box 882, 1862 Nunc Av.'),
  (32,'168083824527','Emi Vega','auctor.velit.eget@hotmail.com','Bergama','01877','P.O. Box 685, 4824 Fermentum Rd.'),
  (33,'051094452107','Brian Mcgee','dolor.fusce@aol.org','Armadale','86867','P.O. Box 632, 9266 Mauris Avenue'),
  (34,'405505846506','Aristotle Lloyd','purus.duis.elementum@google.couk','Lochgilphead','14647','926-8321 Aliquet Ave'),
  (35,'980358787427','Curran Steele','lacinia@protonmail.edu','Canberra','76867','P.O. Box 672, 5994 Aliquet Rd.'),
  (36,'529213988790','Jayme Clay','eget@aol.net','Jaboatão dos Guararapes','76079','563-4870 Nulla. Road'),
  (37,'211113862629','Joy Merrill','porttitor.tellus@google.org','Jeju','84172','P.O. Box 547, 7944 Ultrices, Rd.'),
  (38,'077146326116','Nasim Guerra','enim.etiam@hotmail.ca','Maringá','33815','403-4708 Proin St.'),
  (39,'661186301358','Ocean Wise','ultrices.iaculis@protonmail.org','San Rafael','25362','7003 Malesuada Rd.'),
  (40,'156246323167','Raymond Kinney','curabitur@aol.couk','Montignies-sur-Sambre','17235','Ap #533-4433 Sodales Avenue');
INSERT INTO person (id,person_number,name,email,city,zip,street)
VALUES
  (41,'507335566543','Hasad Forbes','magna.ut@yahoo.org','Maasin','83683','Ap #527-6794 Etiam Ave'),
  (42,'283157421717','Yuli Espinoza','sed@protonmail.edu','Develi','27525','Ap #221-7959 Eros St.'),
  (43,'583772986362','Marny Mcintosh','enim.commodo@aol.org','Dutse','61321','720-5677 Mi. Street'),
  (44,'772838045788','Flavia Stevenson','eu.elit.nulla@outlook.edu','Calapan','62643','299-5014 Libero Rd.'),
  (45,'404424272240','Lance Knox','sit@google.edu','Feira de Santana','57545','P.O. Box 735, 2279 Elit. Street'),
  (46,'763277618212','Hanna Steele','massa@aol.com','Rivne','12789','Ap #230-5614 Pharetra Road'),
  (47,'484774367173','Hunter Walters','posuere@outlook.com','Galzignano Terme','77242','P.O. Box 127, 6755 Quam Avenue'),
  (48,'420588882102','Thor Winters','suspendisse.eleifend.cras@aol.couk','Rạch Giá','27862','Ap #648-5645 Urna Rd.'),
  (49,'534815564675','Brody Conley','convallis.est@outlook.net','Rustenburg','83931','848-9146 Nunc Rd.'),
  (50,'456256995742','Yvonne Alston','in.sodales@protonmail.edu','Gia Bình','33325','767-6735 Euismod Av.');
INSERT INTO person (id,person_number,name,email,city,zip,street)
VALUES
  (51,'478586364242','Merrill Good','dolor@aol.net','Amiens','70571','586-2094 Pretium Avenue'),
  (52,'566721466523','Haviva Ellis','bibendum@protonmail.net','İnegöl','98227','Ap #840-5632 In Avenue'),
  (53,'872542381985','Jasper Wyatt','non.enim@hotmail.couk','Baulers','65888','Ap #878-7374 Leo, Rd.'),
  (54,'250138525415','Jade Barton','venenatis@google.edu','Burnie','12678','2105 Eget, Ave'),
  (55,'063553808378','Daphne Bond','eleifend.vitae.erat@google.org','Rio de Janeiro','41418','P.O. Box 316, 7385 Dui. Road'),
  (56,'776771696391','Erin Mosley','id@icloud.com','Badajoz','51371','Ap #201-7278 Montes, Avenue'),
  (57,'974113667286','Brady Bennett','quam@google.couk','Facatativá','26187','7976 Molestie Street'),
  (58,'706868145280','Tanner Harvey','aliquet@google.ca','Coevorden','67621','5393 Diam. Road'),
  (59,'233417956413','Lee Haney','auctor.vitae@icloud.org','Sunderland','35385','P.O. Box 904, 7013 Dictum Street'),
  (60,'672865505748','Akeem Cantrell','lorem.sit.amet@icloud.couk','Opole','83686','P.O. Box 283, 7501 Morbi Road');
INSERT INTO person (id,person_number,name,email,city,zip,street)
VALUES
  (61,'667785209280','Hayley Graham','purus.maecenas.libero@protonmail.couk','Xalapa','29508','P.O. Box 461, 9360 Arcu. Road'),
  (62,'715445107886','Leandra Edwards','ultrices.sit.amet@hotmail.edu','Greifswald','72134','304-1609 Non Avenue'),
  (63,'716133483437','Keegan Kirby','ipsum@yahoo.couk','Ulloa (Barrial]','63480','631-8031 Vestibulum St.'),
  (64,'981050642542','Vivian Booker','duis.at.lacus@hotmail.ca','San Fele','53842','Ap #519-9840 Morbi St.'),
  (65,'787366449642','Jemima Ayala','convallis@protonmail.edu','Maipú','12358','Ap #340-259 Pede. Rd.'),
  (66,'379308273443','Stella Ferguson','nibh.aliquam@protonmail.edu','Heilongjiang','38464','428-6944 Molestie Rd.'),
  (67,'828120891937','Reed Stone','eu.enim@outlook.net','Hérouville-Saint-Clair','70932','6746 Nec Ave'),
  (68,'246783264249','Judah Wise','mollis.dui.in@hotmail.couk','Nogales','76221','715-8260 Eu St.'),
  (69,'368425255792','Josephine Haynes','nec.leo@yahoo.net','Natales','18224','540-1349 In, Street'),
  (70,'554126492823','Raymond Barnett','a.auctor.non@icloud.com','Nicoya','91955','P.O. Box 881, 7061 Leo, Avenue');
INSERT INTO person (id,person_number,name,email,city,zip,street)
VALUES
  (71,'513871812856','Lester Barron','varius.nam@icloud.ca','Port Elizabeth','43503','164-4371 Quis, Ave'),
  (72,'866332229332','Kirsten Reeves','tincidunt@outlook.edu','Móstoles','29261','Ap #797-4693 Elit Ave'),
  (73,'634729042729','Travis Yang','massa.rutrum@protonmail.net','Terme','48551','Ap #864-5210 Nulla. Ave'),
  (74,'548135501495','Orson Jones','ornare@google.ca','Gols','26739','706-6269 Feugiat Rd.'),
  (75,'121625585774','Miriam Dalton','adipiscing.lacus@yahoo.org','Watson Lake','44658','430-3786 Luctus Rd.'),
  (76,'824329573217','Raymond Carson','parturient@protonmail.net','Manokwari','34666','Ap #452-2969 Aliquam Rd.'),
  (77,'803872615797','Tallulah Roberts','auctor.vitae.aliquet@google.couk','Znamensk','23230','468-797 Nunc St.'),
  (78,'768672051046','Duncan Gamble','ac.orci.ut@yahoo.ca','Magadan','13406','200-9005 Eu Av.'),
  (79,'598262030387','Roanna Carney','sollicitudin@hotmail.edu','Crowsnest Pass','26480','449-3627 Sit Street'),
  (80,'983667878514','Yuli Landry','neque@aol.com','Calama','96235','Ap #979-1824 Senectus Street');
INSERT INTO person (id,person_number,name,email,city,zip,street)
VALUES
  (81,'818475371275','Lee Stevens','commodo.hendrerit@outlook.net','Weymouth','65170','443-5667 Fusce Rd.'),
  (82,'893272735956','Darrel Simon','praesent.interdum@google.couk','Bendigo','30875','Ap #308-8538 Mauris Avenue'),
  (83,'923524422427','Mariam Ward','arcu.ac.orci@aol.couk','Quibdó','77885','Ap #357-4884 Id, Avenue'),
  (84,'011533463787','Yardley Wiggins','at.nisi.cum@outlook.edu','Uzhhorod','28292','Ap #453-8503 Phasellus Ave'),
  (85,'513409186202','Hall Griffith','malesuada.vel@icloud.ca','Zwolle','75123','Ap #984-5215 Ullamcorper, St.'),
  (86,'511053910634','Maisie Lyons','interdum.enim.non@aol.org','Waiheke Island','96678','Ap #614-6099 Nunc Rd.'),
  (87,'665622725657','Carol Dudley','congue.in@icloud.com','Tiền Hải','95251','P.O. Box 742, 3344 Lacinia Street'),
  (88,'632077359212','Stone Mcdaniel','eu.odio@icloud.net','Malakand','94433','P.O. Box 326, 7545 Et Av.'),
  (89,'744108139355','September Watkins','sit.amet@google.net','Ulyanovsk','46788','481-644 Accumsan Ave'),
  (90,'731382220524','Ezra Parsons','enim@icloud.edu','Teruel','31314','607-3584 Fusce St.');
INSERT INTO person (id,person_number,name,email,city,zip,street)
VALUES
  (91,'143731144467','Hamish Peck','sagittis.semper.nam@icloud.ca','Jeju','44273','6322 Malesuada Rd.'),
  (92,'701467411982','Elizabeth Cunningham','mauris.erat.eget@google.ca','Galway','87722','P.O. Box 513, 3211 Pharetra Road'),
  (93,'187626886586','Halee Donovan','cras.dictum@outlook.couk','Roodepoort','58250','7528 At, Ave'),
  (94,'966319301431','Lee Crawford','dignissim.lacus@icloud.net','Lorient','62435','949-5822 Ridiculus Avenue'),
  (95,'450616840383','Aretha Reeves','mauris@outlook.com','Việt Trì','70251','657-267 Maecenas Av.'),
  (96,'714226744972','Fallon Alexander','donec.egestas@google.couk','Limón (Puerto Limón]','88958','429-7761 Nullam Road'),
  (97,'885387419391','Martha Good','rutrum.urna.nec@yahoo.com','Oleksandriia','70326','874-3641 Ultrices. Rd.'),
  (98,'656712779981','Winifred Mckee','enim.diam.vel@google.ca','Tumba','78623','394-9486 Morbi Ave'),
  (99,'636951577513','Ashely Rivas','morbi.metus@icloud.org','Morelia','02388','596-5129 Aenean St.'),
  (100,'798553977486','Emerson O''donnell','faucibus.morbi@aol.com','Hebei','55915','884-7254 In Rd.');
INSERT INTO person (id,person_number,name,email,city,zip,street)
VALUES
  (101,'660430172915','Kenneth Farrell','dignissim.magna.a@yahoo.edu','Kumluca','32102','618-2052 Lacus. Rd.'),
  (102,'586695989297','Asher Hoover','diam.luctus@icloud.ca','Fairbanks','53682','289-5663 Ac Av.'),
  (103,'437486515170','Zena Hurley','malesuada@icloud.net','Morelia','21589','3359 Molestie. St.'),
  (104,'288161907458','Jerry Valencia','luctus@protonmail.edu','Tambov','20731','Ap #430-9743 Egestas. St.'),
  (105,'875445747321','Ulric Conway','enim.commodo@aol.net','Sousa','35591','4306 Nisi. St.'),
  (106,'245763316564','Virginia Harper','ligula.aliquam@icloud.couk','Chartres','17723','Ap #337-3223 Proin Ave'),
  (107,'496361566820','Beverly Ryan','dui.cras@hotmail.com','Puntarenas','73407','838-4242 Et Rd.'),
  (108,'188717418887','Ivor Bean','lacus.quisque@hotmail.edu','Belfast','57752','9100 Rhoncus Street'),
  (109,'666652359201','Valentine Yang','nisl@protonmail.couk','Mirpur','71886','482-4489 Mollis Street'),
  (110,'354962212749','Irma Briggs','semper.tellus@yahoo.edu','Melilla','41522','Ap #209-6864 Arcu. Av.');


INSERT INTO lesson_discount (id,discount_rule,discount_rate)
VALUES
  (1, 'sibling', 0.8);

INSERT INTO lesson_price (id,type,level,price_amount,start_time,end_time,lesson_discount_id)
VALUES
  (1,'individual','beginner',517,'Nov 4, 2023','Dec 18, 2023',1),
  (2,'individual','beginner',512,'Nov 19, 2023','Dec 22, 2023',1),
  (3,'individual','beginner',503,'Nov 12, 2023','Dec 11, 2023',1),
  (4,'group','intermediate',497,'Nov 30, 2023','Dec 13, 2023',1),
  (5,'group','intermediate',399,'Nov 17, 2023','Dec 4, 2023',1),
  (6,'group','intermediate',736,'Nov 27, 2023','Dec 18, 2023',1),
  (7,'ensemble','advanced',633,'Nov 12, 2023','Dec 20, 2023',1),
  (8,'ensemble','advanced',194,'Nov 7, 2023','Dec 17, 2023',1),
  (9,'ensemble','advanced',687,'Nov 4, 2023','Dec 11, 2023',1),
  (10,'individual','beginner',697,'Nov 21, 2023','Dec 12, 2023',1);

INSERT INTO instrument_stock (id,quantity,instrument_id)
VALUES
  (1,5,1),
  (2,5,2),
  (3,2,3),
  (4,2,4),
  (5,3,5),
  (6,3,6),
  (7,4,7),
  (8,3,8),
  (9,5,9),
  (10,3,10);
INSERT INTO instrument_stock (id,quantity,instrument_id)
VALUES
  (11,1,11),
  (12,4,12),
  (13,3,13),
  (14,4,14),
  (15,3,15),
  (16,4,16),
  (17,4,17),
  (18,1,18),
  (19,4,19),
  (20,4,20);
INSERT INTO instrument_stock (id,quantity,instrument_id)
VALUES
  (21,3,21),
  (22,3,22),
  (23,1,23),
  (24,5,24),
  (25,3,25),
  (26,2,26),
  (27,2,27),
  (28,5,28),
  (29,3,29),
  (30,5,30);
INSERT INTO instrument_stock (id,quantity,instrument_id)
VALUES
  (31,2,31),
  (32,4,32),
  (33,4,33),
  (34,3,34),
  (35,2,35),
  (36,5,36),
  (37,4,37),
  (38,3,38),
  (39,2,39),
  (40,2,40);
INSERT INTO instrument_stock (id,quantity,instrument_id)
VALUES
  (41,4,41),
  (42,5,42),
  (43,4,43),
  (44,3,44),
  (45,1,45),
  (46,2,46),
  (47,2,47),
  (48,2,48),
  (49,3,49),
  (50,3,50);


INSERT INTO instructor (id,instruments_taught,person_id)
VALUES
  (1,'suscipit',1),
  (2,'enim',2),
  (3,'augue',3),
  (4,'augue.',4),
  (5,'eget',5),
  (6,'nibh',6),
  (7,'dictum',7),
  (8,'felis',8),
  (9,'Nullam',9),
  (10,'metus.',10);

INSERT INTO student (id,person_id,contact_person_phone)
VALUES
  (1,11,'491756866272'),
  (2,12,'830858353157'),
  (3,13,'416216923664'),
  (4,14,'109351616076'),
  (5,15,'555221803116'),
  (6,16,'781818256115'),
  (7,17,'817780566509'),
  (8,18,'163162197995'),
  (9,19,'672235912746'),
  (10,20,'972542722241');
INSERT INTO student (id,person_id,contact_person_phone)
VALUES
  (11,21,'724605333581'),
  (12,22,'596724162216'),
  (13,23,'587236817874'),
  (14,24,'463485161802'),
  (15,25,'463210650039'),
  (16,26,'383226117063'),
  (17,27,'377339298842'),
  (18,28,'837154942173'),
  (19,29,'424387875403'),
  (20,30,'827575548976');
INSERT INTO student (id,person_id,contact_person_phone)
VALUES
  (21,31,'049837222173'),
  (22,32,'317067278319'),
  (23,33,'248791836587'),
  (24,34,'171458749547'),
  (25,35,'541391611424'),
  (26,36,'662436987891'),
  (27,37,'783841765222'),
  (28,38,'642659607287'),
  (29,39,'588748711884'),
  (30,40,'208116474483');
INSERT INTO student (id,person_id,contact_person_phone)
VALUES
  (31,41,'624804432247'),
  (32,42,'266393855755'),
  (33,43,'771186534603'),
  (34,44,'555353213849'),
  (35,45,'370801607477'),
  (36,46,'012366815620'),
  (37,47,'052285464672'),
  (38,48,'134850136828'),
  (39,49,'865111285551'),
  (40,50,'294652232443');
INSERT INTO student (id,person_id,contact_person_phone)
VALUES
  (41,51,'246797737831'),
  (42,52,'365586346393'),
  (43,53,'777801843474'),
  (44,54,'864308367722'),
  (45,55,'511631593551'),
  (46,56,'142826648272'),
  (47,57,'081501761861'),
  (48,58,'644408453851'),
  (49,59,'048167138154'),
  (50,60,'692880333517');
INSERT INTO student (id,person_id,contact_person_phone)
VALUES
  (51,61,'889579866277'),
  (52,62,'937586438242'),
  (53,63,'403358312435'),
  (54,64,'637666393321'),
  (55,65,'493937384365'),
  (56,66,'438224654654'),
  (57,67,'466470742960'),
  (58,68,'821928166140'),
  (59,69,'758536735270'),
  (60,70,'644610558985');
INSERT INTO student (id,person_id,contact_person_phone)
VALUES
  (61,71,'113166252857'),
  (62,72,'207361264738'),
  (63,73,'293614110562'),
  (64,74,'781683613478'),
  (65,75,'604096694586'),
  (66,76,'968752161152'),
  (67,77,'852268633552'),
  (68,78,'856724869861'),
  (69,79,'869354881220'),
  (70,80,'592453750141');
INSERT INTO student (id,person_id,contact_person_phone)
VALUES
  (71,81,'385789518779'),
  (72,82,'455876769723'),
  (73,83,'668819216720'),
  (74,84,'503577313710'),
  (75,85,'423554742514'),
  (76,86,'575083742699'),
  (77,87,'356022144779'),
  (78,88,'148962243458'),
  (79,89,'534533240255'),
  (80,90,'116683863694');
INSERT INTO student (id,person_id,contact_person_phone)
VALUES
  (81,91,'988687537767'),
  (82,92,'358135521213'),
  (83,93,'214106221342'),
  (84,94,'195788797042'),
  (85,95,'475734040636'),
  (86,96,'365616645340'),
  (87,97,'527242303874'),
  (88,98,'780452078299'),
  (89,99,'647513574764'),
  (90,100,'583498736740');
INSERT INTO student (id,person_id,contact_person_phone)
VALUES
  (91,101,'308803111972'),
  (92,102,'722572414117'),
  (93,103,'453553520845'),
  (94,104,'344283551647'),
  (95,105,'031727192689'),
  (96,106,'782252275851'),
  (97,107,'337122627876'),
  (98,108,'917888362492'),
  (99,109,'329065329027'),
  (100,110,'370670214788');


INSERT INTO siblings (student_id,sibling_id)
VALUES
  (1,2),
  (1,3),
  (2,1),
  (2,3),
  (3,1),
  (3,2),
  (4,5),
  (5,4),
  (7,8),
  (8,7);

INSERT INTO lesson_schedule (id,start_time,end_time,instructor_id,lesson_price_id)
VALUES
  (1,'Nov 24, 2023','Dec 6, 2023',6,1),
  (2,'Nov 26, 2023','Dec 18, 2023',5,6),
  (3,'Nov 25, 2023','Dec 24, 2023',3,4),
  (4,'Nov 22, 2023','Dec 2, 2023',1,7),
  (5,'Nov 6, 2023','Dec 10, 2023',5,7),
  (6,'Nov 28, 2023','Dec 14, 2023',6,9),
  (7,'Nov 6, 2023','Dec 17, 2023',8,3),
  (8,'Nov 17, 2023','Dec 9, 2023',8,6),
  (9,'Nov 15, 2023','Dec 25, 2023',8,7),
  (10,'Nov 4, 2023','Dec 18, 2023',9,8);
INSERT INTO lesson_schedule (id,start_time,end_time,instructor_id,lesson_price_id)
VALUES
  (11,'Nov 12, 2023','Dec 15, 2023',2,8),
  (12,'Nov 29, 2023','Dec 13, 2023',5,6),
  (13,'Nov 12, 2023','Dec 29, 2023',3,6),
  (14,'Nov 25, 2023','Dec 10, 2023',8,9),
  (15,'Nov 17, 2023','Dec 24, 2023',3,7),
  (16,'Nov 11, 2023','Dec 8, 2023',5,9),
  (17,'Nov 22, 2023','Dec 25, 2023',7,2),
  (18,'Nov 15, 2023','Dec 12, 2023',7,7),
  (19,'Nov 25, 2023','Dec 3, 2023',9,8),
  (20,'Nov 21, 2023','Dec 7, 2023',3,8);
INSERT INTO lesson_schedule (id,start_time,end_time,instructor_id,lesson_price_id)
VALUES
  (21,'Nov 24, 2023','Dec 16, 2023',8,3),
  (22,'Nov 21, 2023','Dec 18, 2023',2,7),
  (23,'Nov 13, 2023','Dec 20, 2023',5,7),
  (24,'Nov 30, 2023','Dec 25, 2023',6,4),
  (25,'Nov 15, 2023','Dec 8, 2023',10,7),
  (26,'Nov 27, 2023','Dec 8, 2023',7,1),
  (27,'Nov 23, 2023','Dec 10, 2023',4,4),
  (28,'Nov 16, 2023','Dec 28, 2023',3,8),
  (29,'Nov 26, 2023','Dec 2, 2023',3,1),
  (30,'Nov 9, 2023','Dec 30, 2023',3,8);
INSERT INTO lesson_schedule (id,start_time,end_time,instructor_id,lesson_price_id)
VALUES
  (31,'Nov 26, 2023','Dec 4, 2023',9,5),
  (32,'Nov 11, 2023','Dec 21, 2023',3,4),
  (33,'Nov 15, 2023','Dec 20, 2023',6,3),
  (34,'Nov 23, 2023','Dec 1, 2023',9,9),
  (35,'Nov 18, 2023','Dec 13, 2023',2,3),
  (36,'Nov 18, 2023','Dec 10, 2023',5,6),
  (37,'Nov 17, 2023','Dec 31, 2023',3,4),
  (38,'Nov 6, 2023','Dec 8, 2023',6,8),
  (39,'Nov 2, 2023','Dec 20, 2023',8,4),
  (40,'Nov 13, 2023','Dec 18, 2023',9,10);
INSERT INTO lesson_schedule (id,start_time,end_time,instructor_id,lesson_price_id)
VALUES
  (41,'Nov 23, 2023','Dec 30, 2023',7,7),
  (42,'Nov 5, 2023','Dec 1, 2023',8,3),
  (43,'Nov 13, 2023','Dec 22, 2023',8,7),
  (44,'Nov 27, 2023','Dec 4, 2023',7,4),
  (45,'Nov 30, 2023','Dec 5, 2023',3,8),
  (46,'Nov 11, 2023','Dec 29, 2023',6,6),
  (47,'Nov 23, 2023','Dec 26, 2023',10,4),
  (48,'Nov 27, 2023','Dec 4, 2023',9,8),
  (49,'Nov 23, 2023','Dec 3, 2023',1,9),
  (50,'Nov 19, 2023','Dec 1, 2023',3,1);
INSERT INTO lesson_schedule (id,start_time,end_time,instructor_id,lesson_price_id)
VALUES
  (51,'Nov 29, 2023','Dec 25, 2023',10,8),
  (52,'Nov 5, 2023','Dec 27, 2023',4,10),
  (53,'Nov 29, 2023','Dec 16, 2023',3,2),
  (54,'Nov 11, 2023','Dec 12, 2023',2,6),
  (55,'Nov 30, 2023','Dec 10, 2023',9,9),
  (56,'Nov 15, 2023','Dec 9, 2023',9,2),
  (57,'Nov 8, 2023','Dec 8, 2023',3,6),
  (58,'Nov 16, 2023','Dec 14, 2023',8,6),
  (59,'Nov 25, 2023','Dec 31, 2023',3,4),
  (60,'Nov 27, 2023','Dec 6, 2023',9,10);
INSERT INTO lesson_schedule (id,start_time,end_time,instructor_id,lesson_price_id)
VALUES
  (61,'Nov 8, 2023','Dec 6, 2023',6,2),
  (62,'Nov 21, 2023','Dec 24, 2023',3,9),
  (63,'Nov 26, 2023','Dec 7, 2023',2,10),
  (64,'Nov 24, 2023','Dec 27, 2023',7,8),
  (65,'Nov 3, 2023','Dec 31, 2023',4,10),
  (66,'Nov 2, 2023','Dec 5, 2023',9,5),
  (67,'Nov 14, 2023','Dec 15, 2023',3,2),
  (68,'Nov 20, 2023','Dec 5, 2023',7,9),
  (69,'Nov 9, 2023','Dec 17, 2023',8,8),
  (70,'Nov 26, 2023','Dec 11, 2023',7,2);
INSERT INTO lesson_schedule (id,start_time,end_time,instructor_id,lesson_price_id)
VALUES
  (71,'Nov 17, 2023','Dec 19, 2023',6,9),
  (72,'Nov 3, 2023','Dec 23, 2023',2,4),
  (73,'Nov 9, 2023','Dec 16, 2023',8,5),
  (74,'Nov 3, 2023','Dec 31, 2023',3,3),
  (75,'Nov 18, 2023','Dec 16, 2023',3,3),
  (76,'Nov 23, 2023','Dec 14, 2023',10,1),
  (77,'Nov 23, 2023','Dec 24, 2023',5,2),
  (78,'Nov 21, 2023','Dec 1, 2023',8,1),
  (79,'Nov 18, 2023','Dec 28, 2023',9,9),
  (80,'Nov 2, 2023','Dec 30, 2023',5,4);
INSERT INTO lesson_schedule (id,start_time,end_time,instructor_id,lesson_price_id)
VALUES
  (81,'Nov 7, 2023','Dec 11, 2023',4,9),
  (82,'Nov 5, 2023','Dec 26, 2023',5,4),
  (83,'Nov 22, 2023','Dec 1, 2023',5,1),
  (84,'Nov 5, 2023','Dec 16, 2023',5,2),
  (85,'Nov 22, 2023','Dec 20, 2023',9,8),
  (86,'Nov 12, 2023','Dec 6, 2023',4,5),
  (87,'Nov 13, 2023','Dec 16, 2023',8,4),
  (88,'Nov 17, 2023','Dec 2, 2023',8,6),
  (89,'Nov 14, 2023','Dec 4, 2023',10,1),
  (90,'Nov 15, 2023','Dec 26, 2023',4,1);
INSERT INTO lesson_schedule (id,start_time,end_time,instructor_id,lesson_price_id)
VALUES
  (91,'Nov 21, 2023','Dec 12, 2023',1,4),
  (92,'Nov 29, 2023','Dec 4, 2023',8,7),
  (93,'Nov 11, 2023','Dec 19, 2023',8,9),
  (94,'Nov 10, 2023','Dec 29, 2023',3,4),
  (95,'Nov 11, 2023','Dec 28, 2023',7,1),
  (96,'Nov 8, 2023','Dec 4, 2023',9,5),
  (97,'Nov 2, 2023','Dec 12, 2023',10,6),
  (98,'Nov 27, 2023','Dec 2, 2023',5,5),
  (99,'Nov 20, 2023','Dec 23, 2023',7,10),
  (100,'Nov 18, 2023','Dec 7, 2023',3,4);

INSERT INTO lesson_capacity (id,max,min,lesson_id)
VALUES
  (1,8,2,1),
  (2,8,1,2),
  (3,8,0,3),
  (4,7,3,4),
  (5,9,3,5),
  (6,8,0,6),
  (7,9,2,7),
  (8,9,1,8),
  (9,8,2,9),
  (10,10,0,10);
INSERT INTO lesson_capacity (id,max,min,lesson_id)
VALUES
  (11,9,3,11),
  (12,9,1,12),
  (13,8,1,13),
  (14,8,2,14),
  (15,8,2,15),
  (16,7,1,16),
  (17,8,3,17),
  (18,7,1,18),
  (19,10,0,19),
  (20,9,1,20);
INSERT INTO lesson_capacity (id,max,min,lesson_id)
VALUES
  (21,7,1,21),
  (22,7,2,22),
  (23,9,3,23),
  (24,10,0,24),
  (25,9,0,25),
  (26,7,1,26),
  (27,8,1,27),
  (28,9,1,28),
  (29,10,1,29),
  (30,7,3,30);
INSERT INTO lesson_capacity (id,max,min,lesson_id)
VALUES
  (31,8,1,31),
  (32,8,2,32),
  (33,10,0,33),
  (34,9,3,34),
  (35,8,0,35),
  (36,8,2,36),
  (37,8,2,37),
  (38,9,2,38),
  (39,8,2,39),
  (40,7,1,40);
INSERT INTO lesson_capacity (id,max,min,lesson_id)
VALUES
  (41,8,2,41),
  (42,10,2,42),
  (43,8,2,43),
  (44,8,0,44),
  (45,7,1,45),
  (46,8,1,46),
  (47,8,2,47),
  (48,10,0,48),
  (49,10,1,49),
  (50,10,2,50);
INSERT INTO lesson_capacity (id,max,min,lesson_id)
VALUES
  (51,9,1,51),
  (52,8,0,52),
  (53,7,2,53),
  (54,8,0,54),
  (55,7,1,55),
  (56,9,3,56),
  (57,9,3,57),
  (58,8,1,58),
  (59,9,2,59),
  (60,8,0,60);
INSERT INTO lesson_capacity (id,max,min,lesson_id)
VALUES
  (61,9,3,61),
  (62,9,2,62),
  (63,7,3,63),
  (64,8,0,64),
  (65,8,1,65),
  (66,10,0,66),
  (67,7,2,67),
  (68,10,1,68),
  (69,8,3,69),
  (70,8,1,70);
INSERT INTO lesson_capacity (id,max,min,lesson_id)
VALUES
  (71,7,3,71),
  (72,9,2,72),
  (73,8,3,73),
  (74,10,3,74),
  (75,7,1,75),
  (76,8,1,76),
  (77,9,1,77),
  (78,7,3,78),
  (79,8,1,79),
  (80,8,1,80);
INSERT INTO lesson_capacity (id,max,min,lesson_id)
VALUES
  (81,8,3,81),
  (82,9,2,82),
  (83,9,0,83),
  (84,9,3,84),
  (85,9,3,85),
  (86,9,1,86),
  (87,9,2,87),
  (88,9,1,88),
  (89,8,1,89),
  (90,10,1,90);
INSERT INTO lesson_capacity (id,max,min,lesson_id)
VALUES
  (91,7,1,91),
  (92,9,2,92),
  (93,8,3,93),
  (94,10,3,94),
  (95,9,1,95),
  (96,8,0,96),
  (97,8,3,97),
  (98,9,1,98),
  (99,8,2,99),
  (100,10,3,100);

INSERT INTO lesson_genre (id,genre,lesson_id)
VALUES
  (1,'id',1),
  (2,'ipsum',2),
  (3,'odio.',3),
  (4,'diam.',4),
  (5,'eget',5),
  (6,'volutpat.',6),
  (7,'velit',7),
  (8,'Nam',8),
  (9,'tincidunt,',9),
  (10,'tincidunt.',10);
INSERT INTO lesson_genre (id,genre,lesson_id)
VALUES
  (11,'cursus',11),
  (12,'enim.',12),
  (13,'dis',13),
  (14,'mauris',14),
  (15,'orci.',15),
  (16,'eros.',16),
  (17,'Fusce',17),
  (18,'turpis',18),
  (19,'Sed',19),
  (20,'lectus',20);
INSERT INTO lesson_genre (id,genre,lesson_id)
VALUES
  (21,'erat',21),
  (22,'tempor',22),
  (23,'nisl',23),
  (24,'cursus',24),
  (25,'Duis',25),
  (26,'sed',26),
  (27,'sem',27),
  (28,'odio',28),
  (29,'Pellentesque',29),
  (30,'rhoncus.',30);
INSERT INTO lesson_genre (id,genre,lesson_id)
VALUES
  (31,'nunc',31),
  (32,'malesuada',32),
  (33,'nec',33),
  (34,'euismod',34),
  (35,'ante.',35),
  (36,'elementum,',36),
  (37,'lacus.',37),
  (38,'risus.',38),
  (39,'vestibulum',39),
  (40,'consectetuer',40);
INSERT INTO lesson_genre (id,genre,lesson_id)
VALUES
  (41,'pede.',41),
  (42,'sodales.',42),
  (43,'sit',43),
  (44,'felis.',44),
  (45,'odio',45),
  (46,'non,',46),
  (47,'fermentum',47),
  (48,'lobortis',48),
  (49,'Integer',49),
  (50,'Sed',50);


INSERT INTO lesson_instrument (id,taught_instrument,lesson_id)
VALUES
  (1,'consectetuer',51),
  (2,'mus.',52),
  (3,'erat,',53),
  (4,'justo.',54),
  (5,'eleifend.',55),
  (6,'ac',56),
  (7,'non',57),
  (8,'ligula.',58),
  (9,'fringilla',59),
  (10,'parturient',60);
INSERT INTO lesson_instrument (id,taught_instrument,lesson_id)
VALUES
  (11,'ac',61),
  (12,'erat.',62),
  (13,'et',63),
  (14,'Mauris',64),
  (15,'auctor',65),
  (16,'Nullam',66),
  (17,'Nunc',67),
  (18,'turpis',68),
  (19,'tristique',69),
  (20,'lorem,',70);
INSERT INTO lesson_instrument (id,taught_instrument,lesson_id)
VALUES
  (21,'eget',71),
  (22,'Vivamus',72),
  (23,'augue',73),
  (24,'diam',74),
  (25,'tortor.',75),
  (26,'velit.',76),
  (27,'odio.',77),
  (28,'sapien.',78),
  (29,'mi',79),
  (30,'malesuada',80);
INSERT INTO lesson_instrument (id,taught_instrument,lesson_id)
VALUES
  (31,'Duis',81),
  (32,'ac,',82),
  (33,'semper',83),
  (34,'aliquet',84),
  (35,'urna,',85),
  (36,'risus',86),
  (37,'molestie',87),
  (38,'purus',88),
  (39,'eu,',89),
  (40,'condimentum.',90);
INSERT INTO lesson_instrument (id,taught_instrument,lesson_id)
VALUES
  (41,'fringilla.',91),
  (42,'ridiculus',92),
  (43,'velit',93),
  (44,'Mauris',94),
  (45,'nunc.',95),
  (46,'ut,',96),
  (47,'a',97),
  (48,'mauris',98),
  (49,'eu',99),
  (50,'a',100);


INSERT INTO phone (id,phone_no)
VALUES
  (1,'455839225514'),
  (2,'433653452749'),
  (3,'712933633543'),
  (4,'817741525448'),
  (5,'658459469411'),
  (6,'421640197263'),
  (7,'426108508510'),
  (8,'681188813868'),
  (9,'648454262569'),
  (10,'256748677304');

INSERT INTO person_phone (person_id,phone_id)
VALUES
  (1,1),
  (2,2),
  (3,3),
  (4,4),
  (5,5),
  (6,6),
  (7,7),
  (8,8),
  (9,9),
  (10,10);

INSERT INTO student_lesson_schedule (lesson_id,student_id)
VALUES
  (1,12),
  (1,89),
  (1,78),
  (2,74),
  (3,25),
  (3,2),
  (3,91),
  (3,43),
  (3,38),
  (3,93),
  (3,27),
  (3,48),
  (3,98),
  (4,34),
  (4,69),
  (4,21),
  (6,68),
  (6,100),
  (7,22),
  (7,93),
  (7,64),
  (7,20),
  (8,56),
  (9,53),
  (9,47),
  (9,93),
  (9,6),
  (10,100),
  (10,41),
  (10,43),
  (10,35),
  (10,61),
  (10,75),
  (10,32),
  (10,7),
  (10,78),
  (10,40),
  (11,63),
  (11,53),
  (11,81),
  (11,61),
  (11,21),
  (13,69),
  (13,82),
  (13,61),
  (13,10),
  (14,37),
  (14,11),
  (15,5),
  (15,56),
  (15,60),
  (15,53),
  (15,90),
  (15,13),
  (15,76),
  (16,67),
  (16,15),
  (16,51),
  (16,3),
  (16,49),
  (17,46),
  (17,61),
  (17,5),
  (17,62),
  (17,56),
  (17,70),
  (17,57),
  (17,20),
  (17,50),
  (18,47),
  (18,13),
  (18,3),
  (18,2),
  (18,19),
  (18,12),
  (19,85),
  (19,96),
  (19,59),
  (19,3),
  (19,62),
  (19,90),
  (19,92),
  (20,27),
  (20,39),
  (20,40),
  (20,33),
  (20,81),
  (20,1),
  (21,34),
  (21,84),
  (21,55),
  (21,60),
  (21,50),
  (21,52),
  (21,88),
  (21,46),
  (22,5),
  (22,81),
  (22,29),
  (22,77),
  (22,88),
  (22,23),
  (22,69),
  (22,38),
  (23,64),
  (23,42),
  (23,89),
  (24,5),
  (24,18),
  (24,63),
  (24,13),
  (24,84),
  (24,89),
  (24,44),
  (24,81),
  (25,88),
  (25,62),
  (25,12),
  (25,31),
  (25,86),
  (25,4),
  (25,37),
  (25,97),
  (26,68),
  (26,36),
  (26,26),
  (26,22),
  (26,65),
  (26,98),
  (26,17),
  (26,13),
  (26,4),
  (26,84),
  (27,65),
  (27,84),
  (27,3),
  (27,28),
  (27,36),
  (27,40),
  (27,18),
  (28,57),
  (28,38),
  (28,41),
  (28,55),
  (28,97),
  (28,81),
  (28,35),
  (28,22),
  (29,36),
  (29,22),
  (29,46),
  (29,50),
  (29,32),
  (29,30),
  (30,10),
  (30,70),
  (30,47),
  (30,83),
  (30,9),
  (30,65),
  (30,19),
  (30,59),
  (30,11),
  (30,87),
  (31,48),
  (31,30),
  (31,51),
  (31,2),
  (31,15),
  (31,90),
  (31,1),
  (31,61),
  (31,86),
  (31,44),
  (32,11),
  (32,94),
  (33,84),
  (33,10),
  (33,88),
  (33,90),
  (33,25),
  (33,73),
  (33,27),
  (34,50),
  (34,47),
  (34,38),
  (34,31),
  (34,11),
  (34,49),
  (36,64),
  (36,1),
  (36,9),
  (36,43),
  (36,87),
  (36,10),
  (37,85),
  (37,87),
  (37,30),
  (37,31),
  (37,64),
  (37,4),
  (39,61),
  (40,78),
  (40,50),
  (40,68),
  (40,31),
  (41,12),
  (42,79),
  (43,99),
  (43,87),
  (43,30),
  (43,31),
  (43,4),
  (43,81),
  (43,16),
  (43,95),
  (44,39),
  (44,66),
  (44,25),
  (44,13),
  (44,3),
  (44,27),
  (44,60),
  (45,3),
  (45,9),
  (46,16),
  (46,6),
  (46,89),
  (46,11),
  (46,25),
  (47,11),
  (47,34),
  (47,62),
  (47,7),
  (47,81),
  (47,37),
  (47,43),
  (48,72),
  (48,27),
  (48,65),
  (48,90),
  (48,94),
  (48,10),
  (48,4),
  (48,14),
  (48,47),
  (48,88),
  (49,79),
  (49,76),
  (49,91),
  (49,72),
  (49,36),
  (49,99),
  (49,30),
  (50,2),
  (50,84),
  (50,62),
  (50,91),
  (50,61),
  (50,90),
  (51,21),
  (52,10),
  (52,36),
  (52,11),
  (52,95),
  (52,3),
  (52,42),
  (52,13),
  (52,47),
  (52,77),
  (52,19),
  (53,69),
  (53,79),
  (53,24),
  (53,31),
  (54,20),
  (54,2),
  (54,87),
  (54,93),
  (54,15),
  (54,6),
  (55,28),
  (55,59),
  (55,99),
  (55,96),
  (55,73),
  (56,26),
  (57,52),
  (57,70),
  (57,73),
  (57,62),
  (57,33),
  (57,92),
  (57,2),
  (57,83),
  (57,80),
  (58,35),
  (58,38),
  (58,90),
  (59,32),
  (59,75),
  (59,29),
  (60,58),
  (60,44),
  (60,22),
  (60,16),
  (60,45),
  (60,13),
  (60,79),
  (60,8),
  (60,68),
  (62,39),
  (62,17),
  (63,44),
  (63,1),
  (63,91),
  (63,29),
  (63,63),
  (63,68),
  (63,79),
  (63,17),
  (63,27),
  (64,48),
  (64,98),
  (64,61),
  (64,13),
  (65,50),
  (65,5),
  (65,72),
  (65,66),
  (65,89),
  (65,54),
  (65,1),
  (65,76),
  (66,16),
  (66,65),
  (66,86),
  (66,6),
  (66,58),
  (66,53),
  (66,90),
  (67,50),
  (67,58),
  (67,80),
  (68,18),
  (69,18),
  (69,91),
  (69,26),
  (69,100),
  (70,95),
  (70,21),
  (70,69),
  (71,42),
  (72,95),
  (72,17),
  (72,3),
  (72,99),
  (72,84),
  (72,28),
  (72,74),
  (72,31),
  (72,47),
  (73,83),
  (73,20),
  (73,19),
  (73,48),
  (73,29),
  (73,22),
  (73,76),
  (73,65),
  (73,36),
  (74,51),
  (74,78),
  (74,56),
  (74,52),
  (76,1),
  (76,7),
  (76,26),
  (76,61),
  (76,35),
  (76,90),
  (76,63),
  (76,40),
  (76,92),
  (77,64),
  (77,86),
  (78,11),
  (78,27),
  (78,57),
  (78,9),
  (78,97),
  (78,8),
  (78,42),
  (78,21),
  (79,20),
  (79,58),
  (80,35),
  (81,41),
  (81,47),
  (81,10),
  (81,60),
  (81,33),
  (81,75),
  (81,72),
  (81,57),
  (81,18),
  (82,67),
  (82,41),
  (83,31),
  (83,21),
  (83,25),
  (83,93),
  (83,89),
  (83,15),
  (83,77),
  (83,6),
  (83,57),
  (85,95),
  (85,31),
  (85,42),
  (85,75),
  (85,51),
  (85,43),
  (85,60),
  (86,92),
  (86,14),
  (86,38),
  (86,1),
  (87,48),
  (87,22),
  (87,59),
  (87,33),
  (87,34),
  (87,86),
  (87,63),
  (87,71),
  (87,65),
  (87,39),
  (88,95),
  (88,30),
  (88,42),
  (89,65),
  (89,47),
  (89,4),
  (89,79),
  (89,81),
  (89,96),
  (89,27),
  (89,37),
  (90,60),
  (90,82),
  (90,13),
  (90,71),
  (90,93),
  (90,61),
  (91,60),
  (91,91),
  (91,29),
  (91,27),
  (91,28),
  (91,92),
  (92,38),
  (92,42),
  (92,72),
  (92,65),
  (92,60),
  (92,64),
  (92,54),
  (92,85),
  (92,33),
  (92,13),
  (93,72),
  (93,67),
  (93,3),
  (93,60),
  (94,62),
  (94,21),
  (94,66),
  (94,32),
  (94,75),
  (95,94),
  (95,14),
  (95,96),
  (95,38),
  (95,90),
  (95,81),
  (96,19),
  (96,78),
  (96,54),
  (96,34),
  (99,79),
  (99,87),
  (99,75),
  (99,100),
  (99,12),
  (99,34),
  (100,57);

INSERT INTO rental_policy (id,max_rental_period,max_num_rental)
VALUES
  (1, 12, 2);

INSERT INTO rental (id,start_date,end_date,instrument_id,student_id,rental_policy_id)
VALUES
  (1,'Nov 24, 2023','Dec 21, 2023',51,1,1),
  (2,'Nov 13, 2023','Dec 21, 2023',52,2,1),
  (3,'Nov 7, 2023','Dec 31, 2023',53,3,1),
  (4,'Nov 5, 2023','Dec 29, 2023',54,4,1),
  (5,'Nov 27, 2023','Dec 2, 2023',55,5,1),
  (6,'Nov 23, 2023','Dec 30, 2023',56,6,1),
  (7,'Nov 25, 2023','Dec 3, 2023',57,7,1),
  (8,'Nov 7, 2023','Dec 27, 2023',58,8,1),
  (9,'Nov 14, 2023','Dec 24, 2023',59,9,1),
  (10,'Nov 5, 2023','Dec 29, 2023',60,10,1);
INSERT INTO rental (id,start_date,end_date,instrument_id,student_id,rental_policy_id)
VALUES
  (11,'Nov 16, 2023','Dec 7, 2023',61,11,1),
  (12,'Nov 12, 2023','Dec 23, 2023',62,12,1),
  (13,'Nov 28, 2023','Dec 4, 2023',63,13,1),
  (14,'Nov 8, 2023','Dec 30, 2023',64,14,1),
  (15,'Nov 2, 2023','Dec 4, 2023',65,15,1),
  (16,'Nov 15, 2023','Dec 5, 2023',66,16,1),
  (17,'Nov 18, 2023','Dec 19, 2023',67,17,1),
  (18,'Nov 8, 2023','Dec 20, 2023',68,18,1),
  (19,'Nov 6, 2023','Dec 10, 2023',69,19,1),
  (20,'Nov 11, 2023','Dec 3, 2023',70,20,1);
INSERT INTO rental (id,start_date,end_date,instrument_id,student_id,rental_policy_id)
VALUES
  (21,'Nov 30, 2023','Dec 26, 2023',71,21,1),
  (22,'Nov 24, 2023','Dec 12, 2023',72,22,1),
  (23,'Nov 22, 2023','Dec 2, 2023',73,23,1),
  (24,'Nov 12, 2023','Dec 16, 2023',74,24,1),
  (25,'Nov 8, 2023','Dec 18, 2023',75,25,1),
  (26,'Nov 4, 2023','Dec 3, 2023',76,26,1),
  (27,'Nov 2, 2023','Dec 31, 2023',77,27,1),
  (28,'Nov 23, 2023','Dec 31, 2023',78,28,1),
  (29,'Nov 19, 2023','Dec 27, 2023',79,29,1),
  (30,'Nov 29, 2023','Dec 3, 2023',80,30,1);
INSERT INTO rental (id,start_date,end_date,instrument_id,student_id,rental_policy_id)
VALUES
  (31,'Nov 2, 2023','Dec 12, 2023',81,31,1),
  (32,'Nov 8, 2023','Dec 3, 2023',82,32,1),
  (33,'Nov 30, 2023','Dec 26, 2023',83,33,1),
  (34,'Nov 16, 2023','Dec 24, 2023',84,34,1),
  (35,'Nov 15, 2023','Dec 7, 2023',85,35,1),
  (36,'Nov 8, 2023','Dec 16, 2023',86,36,1),
  (37,'Nov 15, 2023','Dec 9, 2023',87,37,1),
  (38,'Nov 28, 2023','Dec 23, 2023',88,38,1),
  (39,'Nov 27, 2023','Dec 10, 2023',89,39,1),
  (40,'Nov 19, 2023','Dec 14, 2023',90,40,1);
INSERT INTO rental (id,start_date,end_date,instrument_id,student_id,rental_policy_id)
VALUES
  (41,'Nov 22, 2023','Dec 21, 2023',91,41,1),
  (42,'Nov 6, 2023','Dec 7, 2023',92,42,1),
  (43,'Nov 4, 2023','Dec 16, 2023',93,43,1),
  (44,'Nov 3, 2023','Dec 1, 2023',94,44,1),
  (45,'Nov 24, 2023','Dec 27, 2023',95,45,1),
  (46,'Nov 29, 2023','Dec 10, 2023',96,46,1),
  (47,'Nov 21, 2023','Dec 5, 2023',97,47,1),
  (48,'Nov 17, 2023','Dec 7, 2023',98,48,1),
  (49,'Nov 29, 2023','Dec 19, 2023',99,49,1),
  (50,'Nov 9, 2023','Dec 29, 2023',100,50,1);